{
  "includes":
  [
  ],
  "constants":
  {
    "MENU_ITEM_SIZE_X":100,
    "MENU_ITEM_SIZE_Y":100,
    "MENU_ITEM_ICON":"icon0.png",
    "MENU_ITEM_TITLE":"Title",
    "MENU_ITEM_TITLE_FONT_SIZE":20,
    "MENU_ITEM_TITLE_POSITION":[0.0,-30.0,0.0]
  },
  "templates":
  {
    "template-menu-item":
    {
      "name":"menu-item",
      "type":"Actor",
      "position":[0,0,0],
      "anchor-point":"TOP_LEFT",
      "parent-origin":"TOP_LEFT",
      "actors":
       [
        {
          "name":"icon",
          "type":"ImageActor",
          "image":
          {
            "filename": "{IMAGE_PATH}{MENU_ITEM_ICON}"
          },
          "position":[0,0,0],
          "color":[1.0,1.0,1.0,1.0],
          "anchor-point":"CENTER",
          "parent-origin":"CENTER","actors":
          [
            {
              "name":"title",
              "anchor-point":"TOP_CENTER",
              "parent-origin":"BOTTOM_CENTER",
              "type":"TextLabel",
              "position": [0.0,75.0,0.0],
              "point-size":"{MENU_ITEM_TITLE_FONT_SIZE}",
              "font-family":"HelveticaNeue",
              "font-style":"Bold",
              "horizontal-alignment":"CENTER",
              "text":"{MENU_ITEM_TITLE}"
            }
          ]
        },
        {
          "name":"line",
          "type":"ImageActor",
          "image":
          {
            "filename": "{IMAGE_PATH}white-pixel.png"
          },
          "color":[0.4,0.4,0.4,1.0],
          "anchor-point":"CENTER_LEFT",
          "parent-origin":"CENTER_LEFT"
        }
       ]
     },
     "template-focus-actor":
     {
       "name":"FocusActor",
       "type":"ImageActor",
       "image":{"filename": "{IMAGE_PATH}keyboard_focus.png"},
       "style":"STYLE_NINE_PATCH",
       "border": [10, 10, 10, 10],
       "draw-mode":"OVERLAY",
       "anchor-point":"TOP_LEFT",
       "parent-origin":"TOP_LEFT",
       "position":[0,0,0.0]
     }
  }
}

